2840555,1236369,EVT20152840555,WC20151236369,1216284
2840556,1236370,EVT20152840556,WC20151236370,1216284
2840557,1236371,EVT20152840557,WC20151236371,1216284
2840558,1236372,EVT20152840558,WC20151236372,1216284
2840559,1236373,EVT20152840559,WC20151236373,1216284
2840560,1236374,EVT20152840560,WC20151236374,1216284
2840561,1236375,EVT20152840561,WC20151236375,1216284
2840562,1236376,EVT20152840562,WC20151236376,1216284
2840563,1236377,EVT20152840563,WC20151236377,1216284
2840564,1236378,EVT20152840564,WC20151236378,1216284
2840565,1236379,EVT20152840565,WC20151236379,1216284
2840566,1236380,EVT20152840566,WC20151236380,1216284
2840567,1236381,EVT20152840567,WC20151236381,1216284
2840568,1236382,EVT20152840568,WC20151236382,1216284
2840569,1236383,EVT20152840569,WC20151236383,1216284
2840570,1236384,EVT20152840570,WC20151236384,1216284
2840571,1236385,EVT20152840571,WC20151236385,1216284
2840572,1236386,EVT20152840572,WC20151236386,1216284
2840573,1236387,EVT20152840573,WC20151236387,1216284
2840574,1236388,EVT20152840574,WC20151236388,1216284
