2843634,1239429,EVT20172843634,WC20171239429
2843635,1239430,EVT20172843635,WC20171239430
2843633,1239428,EVT20172843633,WC20171239428
2843632,1239427,EVT20172843632,WC20171239427
2843630,1239425,EVT20172843630,WC20171239425
2843631,1239426,EVT20172843631,WC20171239426
2843628,1239423,EVT20172843628,WC20171239423
2843627,1239422,EVT20172843627,WC20171239422
2843629,1239424,EVT20172843629,WC20171239424
2843626,1239421,EVT20172843626,WC20171239421
2843625,1239420,EVT20172843625,WC20171239420
2843624,1239419,EVT20172843624,WC20171239419
2843623,1239418,EVT20172843623,WC20171239418
2843622,1239417,EVT20172843622,WC20171239417
2843621,1239416,EVT20172843621,WC20171239416
2843620,1239415,EVT20172843620,WC20171239415
2843619,1239414,EVT20172843619,WC20171239414
2843618,1239413,EVT20172843618,WC20171239413
2843617,1239412,EVT20172843617,WC20171239412
2843616,1239411,EVT20172843616,WC20171239411
2843615,1239410,EVT20172843615,WC20171239410
2843614,1239409,EVT20172843614,WC20171239409
2843613,1239408,EVT20172843613,WC20171239408
2843612,1239407,EVT20172843612,WC20171239407
2843611,1239406,EVT20172843611,WC20171239406
2843610,1239405,EVT20172843610,WC20171239405
2843609,1239404,EVT20172843609,WC20171239404
2843608,1239403,EVT20172843608,WC20171239403
2843607,1239402,EVT20172843607,WC20171239402
2843606,1239401,EVT20172843606,WC20171239401
2843605,1239400,EVT20172843605,WC20171239400
2843604,1239399,EVT20172843604,WC20171239399
2843603,1239398,EVT20172843603,WC20171239398
2843602,1239397,EVT20172843602,WC20171239397
2843601,1239396,EVT20172843601,WC20171239396
2843600,1239395,EVT20172843600,WC20171239395
2843599,1239394,EVT20172843599,WC20171239394
2843598,1239393,EVT20172843598,WC20171239393
2843597,1239392,EVT20172843597,WC20171239392
2843596,1239391,EVT20172843596,WC20171239391
2843595,1239390,EVT20172843595,WC20171239390
2843594,1239389,EVT20172843594,WC20171239389
2843593,1239388,EVT20172843593,WC20171239388
2843592,1239387,EVT20172843592,WC20171239387
2843591,1239386,EVT20172843591,WC20171239386
2843590,1239385,EVT20172843590,WC20171239385
2843589,1239384,EVT20172843589,WC20171239384
2843588,1239383,EVT20172843588,WC20171239383
2843587,1239382,EVT20172843587,WC20171239382
2843586,1239381,EVT20172843586,WC20171239381
