2835616,1232163,EV2835615,APVQ1232162
2835618,1232165,EV2835617,APVQ1232164
2835620,1232167,EV2835619,APVQ1232166
2835622,1232169,EV2835621,APVQ1232168
2835624,1232171,EV2835623,APVQ1232170
2835626,1232173,EV2835625,APVQ1232172
2835628,1232175,EV2835627,APVQ1232174
2835630,1232177,EV2835629,APVQ1232176
2835634,1232181,EV2835633,APVQ1232180
2835636,1232183,EV2835635,APVQ1232182
2835642,1232189,EV2835641,APVQ1232188
2835664,1232211,EV2835663,APVQ1232210
2835666,1232213,EV2835665,APVQ1232212
2835668,1232215,EV2835667,APVQ1232214
2835670,1232217,EV2835669,APVQ1232216
2835672,1232219,EV2835671,APVQ1232218
2835674,1232221,EV2835673,APVQ1232220
2835676,1232223,EV2835675,APVQ1232222
2835678,1232225,EV2835677,APVQ1232224
2835680,1232227,EV2835679,APVQ1232226
2835682,1232229,EV2835681,APVQ1232228
2835684,1232231,EV2835683,APVQ1232230
2835686,1232233,EV2835685,APVQ1232232
2835688,1232235,EV2835687,APVQ1232234
2835690,1232237,EV2835689,APVQ1232236
2835692,1232239,EV2835691,APVQ1232238
2835694,1232241,EV2835693,APVQ1232240
2835696,1232243,EV2835695,APVQ1232242
2835698,1232245,EV2835697,APVQ1232244
2835700,1232247,EV2835699,APVQ1232246
2835702,1232249,EV2835701,APVQ1232248
2835704,1232251,EV2835703,APVQ1232250
2835708,1232255,EV2835707,APVQ1232254
2835712,1232259,EV2835711,APVQ1232258
2835714,1232261,EV2835713,APVQ1232260
2835716,1232263,EV2835715,APVQ1232262
2835718,1232265,EV2835717,APVQ1232264
2835720,1232267,EV2835719,APVQ1232266
2835722,1232269,EV2835721,APVQ1232268
2835724,1232271,EV2835723,APVQ1232270
2835726,1232273,EV2835725,APVQ1232272
2835728,1232275,EV2835727,APVQ1232274
2835730,1232277,EV2835729,APVQ1232276
2835732,1232279,EV2835731,APVQ1232278
2835734,1232281,EV2835733,APVQ1232280
2835736,1232283,EV2835735,APVQ1232282
2835738,1232285,EV2835737,APVQ1232284
2835740,1232287,EV2835739,APVQ1232286
2835742,1232289,EV2835741,APVQ1232288
2835744,1232291,EV2835743,APVQ1232290
2835746,1232293,EV2835745,APVQ1232292
2835748,1232295,EV2835747,APVQ1232294
2835750,1232297,EV2835749,APVQ1232296
2835752,1232299,EV2835751,APVQ1232298
2835754,1232301,EV2835753,APVQ1232300
2835756,1232303,EV2835755,APVQ1232302
2835758,1232305,EV2835757,APVQ1232304
2835760,1232307,EV2835759,APVQ1232306
2835762,1232309,EV2835761,APVQ1232308
2835764,1232311,EV2835763,APVQ1232310
2835766,1232313,EV2835765,APVQ1232312
2835768,1232315,EV2835767,APVQ1232314
2835770,1232317,EV2835769,APVQ1232316
2835772,1232319,EV2835771,APVQ1232318
2835774,1232321,EV2835773,APVQ1232320
2835776,1232323,EV2835775,APVQ1232322
2835778,1232325,EV2835777,APVQ1232324
2835780,1232327,EV2835779,APVQ1232326
2835782,1232329,EV2835781,APVQ1232328
2835784,1232331,EV2835783,APVQ1232330
2835786,1232333,EV2835785,APVQ1232332
2835788,1232335,EV2835787,APVQ1232334
2835790,1232337,EV2835789,APVQ1232336
2835792,1232339,EV2835791,APVQ1232338
2835794,1232341,EV2835793,APVQ1232340
2835796,1232343,EV2835795,APVQ1232342
2835798,1232345,EV2835797,APVQ1232344
2835800,1232347,EV2835799,APVQ1232346
2835802,1232349,EV2835801,APVQ1232348
2835804,1232351,EV2835803,APVQ1232350
2835806,1232353,EV2835805,APVQ1232352
2835808,1232355,EV2835807,APVQ1232354
2835810,1232357,EV2835809,APVQ1232356
2835812,1232359,EV2835811,APVQ1232358
2835814,1232361,EV2835813,APVQ1232360
2835816,1232363,EV2835815,APVQ1232362
2835818,1232365,EV2835817,APVQ1232364
2835820,1232367,EV2835819,APVQ1232366
2835822,1232369,EV2835821,APVQ1232368
2835824,1232371,EV2835823,APVQ1232370
2835826,1232373,EV2835825,APVQ1232372
2835828,1232375,EV2835827,APVQ1232374
2835830,1232377,EV2835829,APVQ1232376
2835832,1232379,EV2835831,APVQ1232378
2835834,1232381,EV2835833,APVQ1232380
2835836,1232383,EV2835835,APVQ1232382
2835838,1232385,EV2835837,APVQ1232384
2835840,1232387,EV2835839,APVQ1232386
2835842,1232389,EV2835841,APVQ1232388
2835844,1232391,EV2835843,APVQ1232390
2835846,1232393,EV2835845,APVQ1232392
2835848,1232395,EV2835847,APVQ1232394
2835850,1232397,EV2835849,APVQ1232396
2835852,1232399,EV2835851,APVQ1232398
2835854,1232401,EV2835853,APVQ1232400
2835856,1232403,EV2835855,APVQ1232402
2835858,1232405,EV2835857,APVQ1232404
2835860,1232407,EV2835859,APVQ1232406
2835862,1232409,EV2835861,APVQ1232408
2835864,1232411,EV2835863,APVQ1232410
2835866,1232413,EV2835865,APVQ1232412
2835868,1232415,EV2835867,APVQ1232414
2835870,1232417,EV2835869,APVQ1232416
2835872,1232419,EV2835871,APVQ1232418
2835874,1232421,EV2835873,APVQ1232420
2835876,1232423,EV2835875,APVQ1232422
2835878,1232425,EV2835877,APVQ1232424
2835880,1232427,EV2835879,APVQ1232426
2835882,1232429,EV2835881,APVQ1232428
2835884,1232431,EV2835883,APVQ1232430
2835886,1232433,EV2835885,APVQ1232432
2835888,1232435,EV2835887,APVQ1232434
2835890,1232437,EV2835889,APVQ1232436
2835892,1232439,EV2835891,APVQ1232438
2835894,1232441,EV2835893,APVQ1232440
2835896,1232443,EV2835895,APVQ1232442
2835898,1232445,EV2835897,APVQ1232444
2835900,1232447,EV2835899,APVQ1232446
2835902,1232449,EV2835901,APVQ1232448
2835904,1232451,EV2835903,APVQ1232450
2835906,1232453,EV2835905,APVQ1232452
2835908,1232455,EV2835907,APVQ1232454
2835910,1232457,EV2835909,APVQ1232456
2835912,1232459,EV2835911,APVQ1232458
2835914,1232461,EV2835913,APVQ1232460
2835916,1232463,EV2835915,APVQ1232462
2835918,1232465,EV2835917,APVQ1232464
2835920,1232467,EV2835919,APVQ1232466
2835922,1232469,EV2835921,APVQ1232468
2835924,1232471,EV2835923,APVQ1232470
2835926,1232473,EV2835925,APVQ1232472
2835928,1232475,EV2835927,APVQ1232474
2835930,1232477,EV2835929,APVQ1232476
2835932,1232479,EV2835931,APVQ1232478
2835934,1232481,EV2835933,APVQ1232480
2835936,1232483,EV2835935,APVQ1232482
2835938,1232485,EV2835937,APVQ1232484
2835940,1232487,EV2835939,APVQ1232486
2835942,1232489,EV2835941,APVQ1232488
2835944,1232491,EV2835943,APVQ1232490
2835946,1232493,EV2835945,APVQ1232492
2835948,1232495,EV2835947,APVQ1232494
2835950,1232497,EV2835949,APVQ1232496
2835952,1232499,EV2835951,APVQ1232498
2835954,1232501,EV2835953,APVQ1232500
2835956,1232503,EV2835955,APVQ1232502
2835958,1232505,EV2835957,APVQ1232504
2835960,1232507,EV2835959,APVQ1232506
2835962,1232509,EV2835961,APVQ1232508
2835966,1232513,EV2835965,APVQ1232512
2835968,1232515,EV2835967,APVQ1232514
2835970,1232517,EV2835969,APVQ1232516
2835972,1232519,EV2835971,APVQ1232518
2835974,1232521,EV2835973,APVQ1232520
2835976,1232523,EV2835975,APVQ1232522
2835978,1232525,EV2835977,APVQ1232524
2835980,1232527,EV2835979,APVQ1232526
2835982,1232529,EV2835981,APVQ1232528
2835984,1232531,EV2835983,APVQ1232530
2835986,1232533,EV2835985,APVQ1232532
2835988,1232535,EV2835987,APVQ1232534
2835990,1232537,EV2835989,APVQ1232536
2835992,1232539,EV2835991,APVQ1232538
2835994,1232541,EV2835993,APVQ1232540
2835996,1232543,EV2835995,APVQ1232542
2835998,1232545,EV2835997,APVQ1232544
2836000,1232547,EV2835999,APVQ1232546
2836002,1232549,EV2836001,APVQ1232548
2836004,1232551,EV2836003,APVQ1232550
2836006,1232553,EV2836005,APVQ1232552
2836008,1232555,EV2836007,APVQ1232554
2836010,1232557,EV2836009,APVQ1232556
2836012,1232559,EV2836011,APVQ1232558
2836014,1232561,EV2836013,APVQ1232560
2836016,1232563,EV2836015,APVQ1232562
2836018,1232565,EV2836017,APVQ1232564
2836020,1232567,EV2836019,APVQ1232566
2836022,1232569,EV2836021,APVQ1232568
2836024,1232571,EV2836023,APVQ1232570
2836026,1232573,EV2836025,APVQ1232572
2836028,1232575,EV2836027,APVQ1232574
2836030,1232577,EV2836029,APVQ1232576
2836032,1232579,EV2836031,APVQ1232578
2836034,1232581,EV2836033,APVQ1232580
2836036,1232583,EV2836035,APVQ1232582
2836038,1232585,EV2836037,APVQ1232584
2836040,1232587,EV2836039,APVQ1232586
2836042,1232589,EV2836041,APVQ1232588
2836044,1232591,EV2836043,APVQ1232590
2836046,1232593,EV2836045,APVQ1232592
2836048,1232595,EV2836047,APVQ1232594
2836050,1232597,EV2836049,APVQ1232596
2836052,1232599,EV2836051,APVQ1232598
2836054,1232601,EV2836053,APVQ1232600
2836056,1232603,EV2836055,APVQ1232602
2836058,1232605,EV2836057,APVQ1232604
2836060,1232607,EV2836059,APVQ1232606
2836062,1232609,EV2836061,APVQ1232608
2836064,1232611,EV2836063,APVQ1232610
2836066,1232613,EV2836065,APVQ1232612
2836068,1232615,EV2836067,APVQ1232614
2836070,1232617,EV2836069,APVQ1232616
2836072,1232619,EV2836071,APVQ1232618
2836074,1232621,EV2836073,APVQ1232620
2836076,1232623,EV2836075,APVQ1232622
2836078,1232625,EV2836077,APVQ1232624
2836080,1232627,EV2836079,APVQ1232626
2836082,1232629,EV2836081,APVQ1232628
2836084,1232631,EV2836083,APVQ1232630
2836086,1232633,EV2836085,APVQ1232632
2836088,1232635,EV2836087,APVQ1232634
2836090,1232637,EV2836089,APVQ1232636
2836092,1232639,EV2836091,APVQ1232638
2836094,1232641,EV2836093,APVQ1232640
2836096,1232643,EV2836095,APVQ1232642
2836098,1232645,EV2836097,APVQ1232644
2836100,1232647,EV2836099,APVQ1232646
2836102,1232649,EV2836101,APVQ1232648
2836104,1232651,EV2836103,APVQ1232650
2836106,1232653,EV2836105,APVQ1232652
2836108,1232655,EV2836107,APVQ1232654
2836110,1232657,EV2836109,APVQ1232656
2836112,1232659,EV2836111,APVQ1232658
2836114,1232661,EV2836113,APVQ1232660
2836116,1232663,EV2836115,APVQ1232662
2836118,1232665,EV2836117,APVQ1232664
2836120,1232667,EV2836119,APVQ1232666
2836122,1232669,EV2836121,APVQ1232668
2836124,1232671,EV2836123,APVQ1232670
2836126,1232673,EV2836125,APVQ1232672
2836128,1232675,EV2836127,APVQ1232674
2836130,1232677,EV2836129,APVQ1232676
2836132,1232679,EV2836131,APVQ1232678
2836134,1232681,EV2836133,APVQ1232680
2836136,1232683,EV2836135,APVQ1232682
2836138,1232685,EV2836137,APVQ1232684
2836140,1232687,EV2836139,APVQ1232686
2836142,1232689,EV2836141,APVQ1232688
2836144,1232691,EV2836143,APVQ1232690
2836146,1232693,EV2836145,APVQ1232692
2836148,1232695,EV2836147,APVQ1232694
2836150,1232697,EV2836149,APVQ1232696
2836152,1232699,EV2836151,APVQ1232698
2836154,1232701,EV2836153,APVQ1232700
2836156,1232703,EV2836155,APVQ1232702
2836158,1232705,EV2836157,APVQ1232704
2836160,1232707,EV2836159,APVQ1232706
2836162,1232709,EV2836161,APVQ1232708
2836164,1232711,EV2836163,APVQ1232710
2836166,1232713,EV2836165,APVQ1232712
2836168,1232715,EV2836167,APVQ1232714
2836170,1232717,EV2836169,APVQ1232716
2836172,1232719,EV2836171,APVQ1232718
2836174,1232721,EV2836173,APVQ1232720
2836176,1232723,EV2836175,APVQ1232722
2836178,1232725,EV2836177,APVQ1232724
2836180,1232727,EV2836179,APVQ1232726
2836182,1232729,EV2836181,APVQ1232728
2836184,1232731,EV2836183,APVQ1232730
2836186,1232733,EV2836185,APVQ1232732
2836188,1232735,EV2836187,APVQ1232734
2836190,1232737,EV2836189,APVQ1232736
2836192,1232739,EV2836191,APVQ1232738
2836194,1232741,EV2836193,APVQ1232740
2836196,1232743,EV2836195,APVQ1232742
2836198,1232745,EV2836197,APVQ1232744
2836200,1232747,EV2836199,APVQ1232746
2836202,1232749,EV2836201,APVQ1232748
2836204,1232751,EV2836203,APVQ1232750
2836206,1232753,EV2836205,APVQ1232752
2836208,1232755,EV2836207,APVQ1232754
2836210,1232757,EV2836209,APVQ1232756
2836212,1232759,EV2836211,APVQ1232758
2836214,1232761,EV2836213,APVQ1232760
2836216,1232763,EV2836215,APVQ1232762
2836218,1232765,EV2836217,APVQ1232764
2836220,1232767,EV2836219,APVQ1232766
2836222,1232769,EV2836221,APVQ1232768
2836224,1232771,EV2836223,APVQ1232770
2836226,1232773,EV2836225,APVQ1232772
2836228,1232775,EV2836227,APVQ1232774
2836230,1232777,EV2836229,APVQ1232776
2836232,1232779,EV2836231,APVQ1232778
2836234,1232781,EV2836233,APVQ1232780
2836236,1232783,EV2836235,APVQ1232782
2836238,1232785,EV2836237,APVQ1232784
2836240,1232787,EV2836239,APVQ1232786
2836242,1232789,EV2836241,APVQ1232788
2836244,1232791,EV2836243,APVQ1232790
2836246,1232793,EV2836245,APVQ1232792
2836248,1232795,EV2836247,APVQ1232794
2836250,1232797,EV2836249,APVQ1232796
2836252,1232799,EV2836251,APVQ1232798
2836254,1232801,EV2836253,APVQ1232800
2836256,1232803,EV2836255,APVQ1232802
2836258,1232805,EV2836257,APVQ1232804
2836260,1232807,EV2836259,APVQ1232806
2836262,1232809,EV2836261,APVQ1232808
2836264,1232811,EV2836263,APVQ1232810
2836266,1232813,EV2836265,APVQ1232812
2836268,1232815,EV2836267,APVQ1232814
2836270,1232817,EV2836269,APVQ1232816
2836272,1232819,EV2836271,APVQ1232818
2836274,1232821,EV2836273,APVQ1232820
2836276,1232823,EV2836275,APVQ1232822
2836278,1232825,EV2836277,APVQ1232824
2836280,1232827,EV2836279,APVQ1232826
2836282,1232829,EV2836281,APVQ1232828
2836284,1232831,EV2836283,APVQ1232830
2836286,1232833,EV2836285,APVQ1232832
2836288,1232835,EV2836287,APVQ1232834
2836290,1232837,EV2836289,APVQ1232836
2836292,1232839,EV2836291,APVQ1232838
2836294,1232841,EV2836293,APVQ1232840
2836296,1232843,EV2836295,APVQ1232842
2836298,1232845,EV2836297,APVQ1232844
2836300,1232847,EV2836299,APVQ1232846
2836302,1232849,EV2836301,APVQ1232848
2836304,1232851,EV2836303,APVQ1232850
2836306,1232853,EV2836305,APVQ1232852
2836308,1232855,EV2836307,APVQ1232854
2836310,1232857,EV2836309,APVQ1232856
2836312,1232859,EV2836311,APVQ1232858
2836314,1232861,EV2836313,APVQ1232860
2836316,1232863,EV2836315,APVQ1232862
2836318,1232865,EV2836317,APVQ1232864
2836320,1232867,EV2836319,APVQ1232866
2836322,1232869,EV2836321,APVQ1232868
2836324,1232871,EV2836323,APVQ1232870
2836326,1232873,EV2836325,APVQ1232872
2836328,1232875,EV2836327,APVQ1232874
2836330,1232877,EV2836329,APVQ1232876
2836332,1232879,EV2836331,APVQ1232878
2836334,1232881,EV2836333,APVQ1232880
2836336,1232883,EV2836335,APVQ1232882
2836338,1232885,EV2836337,APVQ1232884
2836340,1232887,EV2836339,APVQ1232886
2836342,1232889,EV2836341,APVQ1232888
2836344,1232891,EV2836343,APVQ1232890
2836346,1232893,EV2836345,APVQ1232892
2836348,1232895,EV2836347,APVQ1232894
2836350,1232897,EV2836349,APVQ1232896
2836352,1232899,EV2836351,APVQ1232898
2836354,1232901,EV2836353,APVQ1232900
2836356,1232903,EV2836355,APVQ1232902
2836358,1232905,EV2836357,APVQ1232904
2836360,1232907,EV2836359,APVQ1232906
2836362,1232909,EV2836361,APVQ1232908
2836364,1232911,EV2836363,APVQ1232910
2836366,1232913,EV2836365,APVQ1232912
2836368,1232915,EV2836367,APVQ1232914
2836370,1232917,EV2836369,APVQ1232916
2836372,1232919,EV2836371,APVQ1232918
2836374,1232921,EV2836373,APVQ1232920
2836376,1232923,EV2836375,APVQ1232922
2836378,1232925,EV2836377,APVQ1232924
2836380,1232927,EV2836379,APVQ1232926
2836382,1232929,EV2836381,APVQ1232928
2836384,1232931,EV2836383,APVQ1232930
2836386,1232933,EV2836385,APVQ1232932
2836388,1232935,EV2836387,APVQ1232934
2836390,1232937,EV2836389,APVQ1232936
2836392,1232939,EV2836391,APVQ1232938
2836394,1232941,EV2836393,APVQ1232940
2836396,1232943,EV2836395,APVQ1232942
2836398,1232945,EV2836397,APVQ1232944
2836400,1232947,EV2836399,APVQ1232946
2836402,1232949,EV2836401,APVQ1232948
2836404,1232951,EV2836403,APVQ1232950
2836406,1232953,EV2836405,APVQ1232952
2836408,1232955,EV2836407,APVQ1232954
2836410,1232957,EV2836409,APVQ1232956
2835610,1232959,EV2835609,APVQ1232958
2836412,1232961,EV2836411,APVQ1232960
2836414,1232963,EV2836413,APVQ1232962
2836416,1232965,EV2836415,APVQ1232964
2836418,1232967,EV2836417,APVQ1232966
2836420,1232969,EV2836419,APVQ1232968
2836422,1232971,EV2836421,APVQ1232970
2836424,1232973,EV2836423,APVQ1232972
2836426,1232975,EV2836425,APVQ1232974
2836428,1232977,EV2836427,APVQ1232976
2836430,1232979,EV2836429,APVQ1232978
2836432,1232981,EV2836431,APVQ1232980
2836434,1232983,EV2836433,APVQ1232982
2836436,1232985,EV2836435,APVQ1232984
2836438,1232987,EV2836437,APVQ1232986
2836440,1232989,EV2836439,APVQ1232988
2836442,1232991,EV2836441,APVQ1232990
2836444,1232993,EV2836443,APVQ1232992
2836446,1232995,EV2836445,APVQ1232994
2836448,1232997,EV2836447,APVQ1232996
2836450,1232999,EV2836449,APVQ1232998
2836452,1233001,EV2836451,APVQ1233000
2836454,1233003,EV2836453,APVQ1233002
2836456,1233005,EV2836455,APVQ1233004
2836458,1233007,EV2836457,APVQ1233006
2836460,1233009,EV2836459,APVQ1233008
2836462,1233011,EV2836461,APVQ1233010
2836464,1233013,EV2836463,APVQ1233012
2836466,1233015,EV2836465,APVQ1233014
2836468,1233017,EV2836467,APVQ1233016
2836470,1233019,EV2836469,APVQ1233018
2836472,1233021,EV2836471,APVQ1233020
2836474,1233023,EV2836473,APVQ1233022
2836476,1233025,EV2836475,APVQ1233024
2836478,1233027,EV2836477,APVQ1233026
2836480,1233029,EV2836479,APVQ1233028
2836482,1233031,EV2836481,APVQ1233030
2836484,1233033,EV2836483,APVQ1233032
2836486,1233035,EV2836485,APVQ1233034
2836488,1233037,EV2836487,APVQ1233036
2836490,1233039,EV2836489,APVQ1233038
2836492,1233041,EV2836491,APVQ1233040
2836494,1233043,EV2836493,APVQ1233042
2836496,1233045,EV2836495,APVQ1233044
2836498,1233047,EV2836497,APVQ1233046
2836500,1233049,EV2836499,APVQ1233048
2836502,1233051,EV2836501,APVQ1233050
2836504,1233053,EV2836503,APVQ1233052
2836506,1233055,EV2836505,APVQ1233054
2836508,1233057,EV2836507,APVQ1233056
2836510,1233059,EV2836509,APVQ1233058
2836512,1233061,EV2836511,APVQ1233060
2836514,1233063,EV2836513,APVQ1233062
2836516,1233065,EV2836515,APVQ1233064
2836518,1233067,EV2836517,APVQ1233066
2836520,1233069,EV2836519,APVQ1233068
2836522,1233071,EV2836521,APVQ1233070
2836524,1233073,EV2836523,APVQ1233072
2836526,1233075,EV2836525,APVQ1233074
2836528,1233077,EV2836527,APVQ1233076
2836530,1233079,EV2836529,APVQ1233078
2836532,1233081,EV2836531,APVQ1233080
2836534,1233083,EV2836533,APVQ1233082
2836536,1233085,EV2836535,APVQ1233084
2836538,1233087,EV2836537,APVQ1233086
2836540,1233089,EV2836539,APVQ1233088
2836542,1233091,EV2836541,APVQ1233090
2836544,1233093,EV2836543,APVQ1233092
2836546,1233095,EV2836545,APVQ1233094
2836548,1233097,EV2836547,APVQ1233096
2836550,1233099,EV2836549,APVQ1233098
2836552,1233101,EV2836551,APVQ1233100
2836554,1233103,EV2836553,APVQ1233102
2836556,1233105,EV2836555,APVQ1233104
2836558,1233107,EV2836557,APVQ1233106
2836560,1233109,EV2836559,APVQ1233108
2836562,1233111,EV2836561,APVQ1233110
2836564,1233113,EV2836563,APVQ1233112
2836566,1233115,EV2836565,APVQ1233114
2836568,1233117,EV2836567,APVQ1233116
2836570,1233119,EV2836569,APVQ1233118
2837210,1233122,EV2837209,APVQ1233121
2837212,1233124,EV2837211,APVQ1233123
2837214,1233126,EV2837213,APVQ1233125
2837216,1233128,EV2837215,APVQ1233127
2837218,1233130,EV2837217,APVQ1233129
2837220,1233132,EV2837219,APVQ1233131
2837222,1233134,EV2837221,APVQ1233133
2837224,1233136,EV2837223,APVQ1233135
2837226,1233138,EV2837225,APVQ1233137
2837228,1233140,EV2837227,APVQ1233139
2837230,1233142,EV2837229,APVQ1233141
2837232,1233144,EV2837231,APVQ1233143
2837234,1233146,EV2837233,APVQ1233145
2837236,1233148,EV2837235,APVQ1233147
2837238,1233150,EV2837237,APVQ1233149
2837240,1233152,EV2837239,APVQ1233151
2837242,1233154,EV2837241,APVQ1233153
2837244,1233156,EV2837243,APVQ1233155
2837246,1233158,EV2837245,APVQ1233157
2837248,1233160,EV2837247,APVQ1233159
2837250,1233162,EV2837249,APVQ1233161
2837252,1233164,EV2837251,APVQ1233163
2837254,1233166,EV2837253,APVQ1233165
2837256,1233168,EV2837255,APVQ1233167
2837258,1233170,EV2837257,APVQ1233169
2837260,1233172,EV2837259,APVQ1233171
2837262,1233174,EV2837261,APVQ1233173
2837264,1233176,EV2837263,APVQ1233175
2837266,1233178,EV2837265,APVQ1233177
2837268,1233180,EV2837267,APVQ1233179
2837270,1233182,EV2837269,APVQ1233181
2837272,1233184,EV2837271,APVQ1233183
2837274,1233186,EV2837273,APVQ1233185
2837276,1233188,EV2837275,APVQ1233187
2837278,1233190,EV2837277,APVQ1233189
2837280,1233192,EV2837279,APVQ1233191
2837282,1233194,EV2837281,APVQ1233193
2837284,1233196,EV2837283,APVQ1233195
2837286,1233198,EV2837285,APVQ1233197
2837288,1233200,EV2837287,APVQ1233199
2837290,1233202,EV2837289,APVQ1233201
2837292,1233204,EV2837291,APVQ1233203
2837294,1233206,EV2837293,APVQ1233205
2837296,1233208,EV2837295,APVQ1233207
2837298,1233210,EV2837297,APVQ1233209
2837300,1233212,EV2837299,APVQ1233211
2837302,1233214,EV2837301,APVQ1233213
2837304,1233216,EV2837303,APVQ1233215
2837306,1233218,EV2837305,APVQ1233217
2837308,1233220,EV2837307,APVQ1233219
2837310,1233222,EV2837309,APVQ1233221
2837312,1233224,EV2837311,APVQ1233223
2837314,1233226,EV2837313,APVQ1233225
2837316,1233228,EV2837315,APVQ1233227
2837318,1233230,EV2837317,APVQ1233229
2837320,1233232,EV2837319,APVQ1233231
2837322,1233234,EV2837321,APVQ1233233
2837324,1233236,EV2837323,APVQ1233235
2837326,1233238,EV2837325,APVQ1233237
2837328,1233240,EV2837327,APVQ1233239
2837330,1233242,EV2837329,APVQ1233241
2837332,1233244,EV2837331,APVQ1233243
2837334,1233246,EV2837333,APVQ1233245
2837336,1233248,EV2837335,APVQ1233247
2837338,1233250,EV2837337,APVQ1233249
2837340,1233252,EV2837339,APVQ1233251
2837342,1233254,EV2837341,APVQ1233253
2837344,1233256,EV2837343,APVQ1233255
2837346,1233258,EV2837345,APVQ1233257
2837348,1233260,EV2837347,APVQ1233259
2837350,1233262,EV2837349,APVQ1233261
2837352,1233264,EV2837351,APVQ1233263
2837354,1233266,EV2837353,APVQ1233265
2837356,1233268,EV2837355,APVQ1233267
2837358,1233270,EV2837357,APVQ1233269
2837360,1233272,EV2837359,APVQ1233271
2837362,1233274,EV2837361,APVQ1233273
2837364,1233276,EV2837363,APVQ1233275
2837366,1233278,EV2837365,APVQ1233277
2837368,1233280,EV2837367,APVQ1233279
2837370,1233282,EV2837369,APVQ1233281
2837372,1233284,EV2837371,APVQ1233283
2837374,1233286,EV2837373,APVQ1233285
2837376,1233288,EV2837375,APVQ1233287
2837378,1233290,EV2837377,APVQ1233289
2837380,1233292,EV2837379,APVQ1233291
2837382,1233294,EV2837381,APVQ1233293
2837384,1233296,EV2837383,APVQ1233295
2837386,1233298,EV2837385,APVQ1233297
2837388,1233300,EV2837387,APVQ1233299
2837390,1233302,EV2837389,APVQ1233301
2837392,1233304,EV2837391,APVQ1233303
2837394,1233306,EV2837393,APVQ1233305
2837396,1233308,EV2837395,APVQ1233307
2837398,1233310,EV2837397,APVQ1233309
2837400,1233312,EV2837399,APVQ1233311
2837402,1233314,EV2837401,APVQ1233313
2837404,1233316,EV2837403,APVQ1233315
2837406,1233318,EV2837405,APVQ1233317
2837408,1233320,EV2837407,APVQ1233319
