<suite name="RMA_SampleSuite" parallel="none" allow-return-values="true">
<parameter name="DataSourceRow" value="1" />

<!--To Set The Executed SuiteName-->
<parameter name="ExecutedSuiteName" value="RMA_Suite16_EnhancedNotes_GC_VC_Maint" />

<!--Verify That RMA Application Is Logged In-->
  <test name="RMA_TC_001">
    <classes>
      <class name="rmaseleniumtestscripts.RMA_TC_001"/>
    </classes>
  </test>
  
<!--Verify That Required DSN Is Selected In RMA Application-->  
    <test name="RMA_TC_002">
    <classes>
      <class name="rmaseleniumtestscripts.RMA_TC_002"/>
    </classes>
     </test>
  
<!-- Creation, Edit And Deletion Of Enhanced Notes For An Already Created General Claim -->
    <test name="RMA_TC_335_GeneralClaim">
    <classes>
      <class name="rmaseleniumtestscripts.RMA_TC_335_GeneralClaim"/>
    </classes>
     </test>
     
 <!-- Creation, Edit And Deletion Of Enhanced Notes For An Adjustor Associated With A Claim -->   
 <test name="RMA_TC_336_GeneralClaim">
    <classes>
      <class name="rmaseleniumtestscripts.RMA_TC_336"/>
    </classes>
     </test>
     
  <!-- Creation, Edit And Deletion Of Enhanced Notes For A Defendant Associated With A Claim -->   
 <test name="RMA_TC_337_GeneralClaim">
    <classes>
      <class name="rmaseleniumtestscripts.RMA_TC_337"/>
    </classes>
     </test>
     
  <!-- Creation, Edit And Deletion Of Enhanced Notes For A Claimant Associated With A Claim -->   
  <test name="RMA_TC_338_GeneralClaim">
    <classes>
      <class name="rmaseleniumtestscripts.RMA_TC_338"/>
    </classes>
     </test>
     
 <!--  Creation, Edit And Deletion Of Enhanced Notes For A Demand Offer (Added To Claimant) Associated With A Claim -->
    <test name="RMA_TC_343_GeneralClaim">
    <classes>
      <class name="rmaseleniumtestscripts.RMA_TC_343"/>
    </classes>
      </test>
        
  <!-- Creation, Edit And Deletion Of Enhanced Notes For A Litigation Associated With A Claim -->   
 <test name="RMA_TC_339_GeneralClaim">
    <classes>
      <class name="rmaseleniumtestscripts.RMA_TC_339"/>
    </classes>
     </test>
     
  <!--  Creation, Edit And Deletion Of Enhanced Notes For A Demand Offer (Added To Litigation) Associated With A Claim -->
    <test name="RMA_TC_342_GeneralClaim">
    <classes>
      <class name="rmaseleniumtestscripts.RMA_TC_342"/>
    </classes>
     </test>
     
  <!-- Creation, Edit And Deletion Of Enhanced Notes For A Subrogation Associated With A Claim -->   
  <test name="RMA_TC_340_GeneralClaim">
    <classes>
      <class name="rmaseleniumtestscripts.RMA_TC_340"/>
    </classes>
     </test>
    
  <!-- Creation, Edit And Deletion Of Enhanced Notes For A Demand Offer (Added To Subrogation) Associated With A Claim -->
    <test name="RMA_TC_344_GeneralClaim">
    <classes>
      <class name="rmaseleniumtestscripts.RMA_TC_344"/>
    </classes>
     </test>
    
  <!-- Creation, Edit And Deletion Of Enhanced Notes For An Arbitration Associated With A Claim -->   
  <test name="RMA_TC_341_GeneralClaim">
    <classes>
      <class name="rmaseleniumtestscripts.RMA_TC_341"/>
    </classes>
     </test>
    
  <!-- Creation, Edit And Deletion Of Enhanced Notes For An Employee (Person Involved Added To Litigation) Associated With A Claim -->   
  <test name="RMA_TC_345_GeneralClaim">
    <classes>
      <class name="rmaseleniumtestscripts.RMA_TC_345"/>
    </classes>
     </test>
 
  <!-- Creation, Edit And Deletion Of Enhanced Notes For An Driver (Person Involved Added To Litigation) Associated With A Claim -->   
  <test name="RMA_TC_346_GeneralClaim">
    <classes>
      <class name="rmaseleniumtestscripts.RMA_TC_346"/>
    </classes>
     </test>
     
 <!-- Creation, Edit And Deletion Of Enhanced Notes For An Injury (Person Involved) Associated With A Claim -->   
     <test name="RMA_TC_374_GeneralClaim_Li">
    <classes>
      <class name="rmaseleniumtestscripts.RMA_TC_374"/>
    </classes>
     </test>
    
     <!-- Creation, Edit And Deletion Of Enhanced Notes For A Demand Offer (Added To Injury) Associated With A Claim -->   
  <test name="RMA_TC_375_GeneralClaim_Li">
    <classes>
      <class name="rmaseleniumtestscripts.RMA_TC_375"/>
    </classes>
     </test>
  
   <!-- Creation, Edit And Deletion Of Enhanced Notes For Case Management System (Injury) Associated With A Claim -->   
  <test name="RMA_TC_376_GeneralClaim_Li">
    <classes>
      <class name="rmaseleniumtestscripts.RMA_TC_376"/>
    </classes>
     </test>
     
 <!-- Creation, Edit And Deletion Of Enhanced Notes For Case Manager (Case Management System) Associated With A Claim -->   
  <test name="RMA_TC_377_GeneralClaim_Li">
    <classes>
      <class name="rmaseleniumtestscripts.RMA_TC_377"/>
    </classes>
     </test>

  <!-- Creation, Edit And Deletion Of Enhanced Notes For Accommodation (Case Management System) Associated With A Claim -->   
  <test name="RMA_TC_378_GeneralClaim_Li">
    <classes>
      <class name="rmaseleniumtestscripts.RMA_TC_378"/>
    </classes>
     </test>
     
  <!-- Creation, Edit And Deletion Of Enhanced Notes For Vocational Rehab (Case Management System) Associated With A Claim -->   
  <test name="RMA_TC_379_GeneralClaim_Li">
    <classes>
      <class name="rmaseleniumtestscripts.RMA_TC_379"/>
    </classes>
     </test>
    
 <!-- Creation, Edit And Deletion Of Enhanced Notes For A Patient (Person Involved Added To Litigation) Associated With A Claim -->   
  <test name="RMA_TC_347_GeneralClaim">
    <classes>
      <class name="rmaseleniumtestscripts.RMA_TC_347"/>
    </classes>
     </test>
    
  <!-- Creation, Edit And Deletion Of Enhanced Notes For A Witness (Person Involved Added To Litigation) Associated With A Claim -->   
  <test name="RMA_TC_348_GeneralClaim">
    <classes>
      <class name="rmaseleniumtestscripts.RMA_TC_348"/>
    </classes>
     </test>
     
 <!-- Creation, Edit And Deletion Of Enhanced Notes For A Physician (Person Involved Added To Litigation) Associated With A Claim -->   
  <test name="RMA_TC_349_GeneralClaim">
    <classes>
      <class name="rmaseleniumtestscripts.RMA_TC_349"/>
    </classes>
     </test> 
     
    <!-- Creation, Edit And Deletion Of Enhanced Notes For A Medical Staff (Person Involved Added To Litigation) Associated With A Claim -->   
  <test name="RMA_TC_350_GeneralClaim">
    <classes>
      <class name="rmaseleniumtestscripts.RMA_TC_350"/>
    </classes>
     </test>  
     
 <!-- Creation, Edit And Deletion Of Enhanced Notes For A Other Person (Person Involved Added To Litigation) Associated With A Claim -->   
  <test name="RMA_TC_351_GeneralClaim">
    <classes>
      <class name="rmaseleniumtestscripts.RMA_TC_351"/>
    </classes>
     </test>  
     
   <!-- Creation, Edit And Deletion Of Enhanced Notes For An Employee (Person Involved) Associated With A Claim -->   
  <test name="RMA_TC_352_GeneralClaim">
    <classes>
      <class name="rmaseleniumtestscripts.RMA_TC_352"/>
    </classes>
     </test> 
     
  <!-- Creation, Edit And Deletion Of Enhanced Notes For Driver (Person Involved) Associated With A Claim -->   
  <test name="RMA_TC_353_GeneralClaim">
    <classes>
      <class name="rmaseleniumtestscripts.RMA_TC_353"/>
    </classes>
     </test> 
  
  <!-- Creation, Edit And Deletion Of Enhanced Notes For An Injury (Person Involved) Associated With A Claim -->   
     <test name="RMA_TC_374_GeneralClaim_PI">
    <classes>
      <class name="rmaseleniumtestscripts.RMA_TC_374"/>
    </classes>
     </test>
    
     <!-- Creation, Edit And Deletion Of Enhanced Notes For A Demand Offer (Added To Injury) Associated With A Claim -->   
  <test name="RMA_TC_375_GeneralClaim_PI">
    <classes>
      <class name="rmaseleniumtestscripts.RMA_TC_375"/>
    </classes>
     </test>
  
   <!-- Creation, Edit And Deletion Of Enhanced Notes For Case Management System (Injury) Associated With A Claim -->   
  <test name="RMA_TC_376_GeneralClaim_PI">
    <classes>
      <class name="rmaseleniumtestscripts.RMA_TC_376"/>
    </classes>
     </test>
     
 <!-- Creation, Edit And Deletion Of Enhanced Notes For Case Manager (Case Management System) Associated With A Claim -->   
  <test name="RMA_TC_377_GeneralClaim_PI">
    <classes>
      <class name="rmaseleniumtestscripts.RMA_TC_377"/>
    </classes>
     </test>

  <!-- Creation, Edit And Deletion Of Enhanced Notes For Accommodation (Case Management System) Associated With A Claim -->   
  <test name="RMA_TC_378_GeneralClaim_PI">
    <classes>
      <class name="rmaseleniumtestscripts.RMA_TC_378"/>
    </classes>
     </test>
     
  <!-- Creation, Edit And Deletion Of Enhanced Notes For Vocational Rehab (Case Management System) Associated With A Claim -->   
  <test name="RMA_TC_379_GeneralClaim_PI">
    <classes>
      <class name="rmaseleniumtestscripts.RMA_TC_379"/>
    </classes>
     </test>   
     
  <!-- Creation, Edit And Deletion Of Enhanced Notes For Patient (Person Involved) Associated With A Claim -->   
  <test name="RMA_TC_354_GeneralClaim">
    <classes>
      <class name="rmaseleniumtestscripts.RMA_TC_354"/>
    </classes>
     </test>  
     
     <!-- Creation, Edit And Deletion Of Enhanced Notes For Physician (Person Involved) Associated With A Claim -->   
  <test name="RMA_TC_355_GeneralClaim">
    <classes>
      <class name="rmaseleniumtestscripts.RMA_TC_355"/>
    </classes>
     </test>    
     
   <!-- Creation, Edit And Deletion Of Enhanced Notes For Witness (Person Involved) Associated With A Claim -->   
  	<test name="RMA_TC_356_GeneralClaim">
    <classes>
      <class name="rmaseleniumtestscripts.RMA_TC_356"/>
    </classes>
     </test>  
     
     <!-- Creation, Edit And Deletion Of Enhanced Notes For Medical Staff (Person Involved) Associated With A Claim -->   
  	<test name="RMA_TC_357_GeneralClaim">
    <classes>
      <class name="rmaseleniumtestscripts.RMA_TC_357"/>
    </classes>
     </test>
     
     <!-- Creation, Edit And Deletion Of Enhanced Notes For Other Person (Person Involved) Associated With A Claim -->   
  	<test name="RMA_TC_358_GeneralClaim">
    <classes>
      <class name="rmaseleniumtestscripts.RMA_TC_358"/>
    </classes>
     </test>
     
      <!-- Creation, Edit And Deletion Of Enhanced Notes For Financial/Reserves Page Associated With A Claim -->   
  	<test name="RMA_TC_359_GeneralClaim">
    <classes>
      <class name="rmaseleniumtestscripts.RMA_TC_359"/>
    </classes>
     </test>
     
      <!-- Creation, Edit And Deletion Of Enhanced Notes For Payment Associated With A Claim -->   
  	<test name="RMA_TC_360_GeneralClaim">
    <classes>
      <class name="rmaseleniumtestscripts.RMA_TC_360"/>
    </classes>
     </test>
     
     <!-- Creation, Edit And Deletion Of Enhanced Notes For Collection Associated With A Claim -->   
  	<test name="RMA_TC_361_GeneralClaim">
    <classes>
      <class name="rmaseleniumtestscripts.RMA_TC_361"/>
    </classes>
     </test>
     
     <!-- Creation, Edit And Deletion Of Enhanced Notes For An Already Created General Claim -->
    <test name="RMA_TC_335_VehicleAccClaim">
    <classes>
      <class name="rmaseleniumtestscripts.RMA_TC_335_VehicleAccClaim"/>
    </classes>
     </test>
     
 <!-- Creation, Edit And Deletion Of Enhanced Notes For An Adjustor Associated With A Claim -->   
 <test name="RMA_TC_336_VehicleAccClaim">
    <classes>
      <class name="rmaseleniumtestscripts.RMA_TC_336"/>
    </classes>
     </test>
     
  <!-- Creation, Edit And Deletion Of Enhanced Notes For A Defendant Associated With A Claim -->   
 <test name="RMA_TC_337_VehicleAccClaim">
    <classes>
      <class name="rmaseleniumtestscripts.RMA_TC_337"/>
    </classes>
     </test>
     
  <!-- Creation, Edit And Deletion Of Enhanced Notes For A Claimant Associated With A Claim -->   
  <test name="RMA_TC_338_VehicleAccClaim">
    <classes>
      <class name="rmaseleniumtestscripts.RMA_TC_338"/>
    </classes>
     </test>
     
 <!--  Creation, Edit And Deletion Of Enhanced Notes For A Demand Offer (Added To Claimant) Associated With A Claim -->
    <test name="RMA_TC_343_VehicleAccClaim">
    <classes>
      <class name="rmaseleniumtestscripts.RMA_TC_343"/>
    </classes>
      </test>
        
  <!-- Creation, Edit And Deletion Of Enhanced Notes For A Litigation Associated With A Claim -->   
 <test name="RMA_TC_339_VehicleAccClaim">
    <classes>
      <class name="rmaseleniumtestscripts.RMA_TC_339"/>
    </classes>
     </test>
     
  <!--  Creation, Edit And Deletion Of Enhanced Notes For A Demand Offer (Added To Litigation) Associated With A Claim -->
    <test name="RMA_TC_342_VehicleAccClaim">
    <classes>
      <class name="rmaseleniumtestscripts.RMA_TC_342"/>
    </classes>
     </test>
     
  <!-- Creation, Edit And Deletion Of Enhanced Notes For A Subrogation Associated With A Claim -->   
  <test name="RMA_TC_340_VehicleAccClaim">
    <classes>
      <class name="rmaseleniumtestscripts.RMA_TC_340"/>
    </classes>
     </test>
    
  <!-- Creation, Edit And Deletion Of Enhanced Notes For A Demand Offer (Added To Subrogation) Associated With A Claim -->
    <test name="RMA_TC_344_VehicleAccClaim">
    <classes>
      <class name="rmaseleniumtestscripts.RMA_TC_344"/>
    </classes>
     </test>
  
  <!-- Creation, Edit And Deletion Of Enhanced Notes For An Employee (Person Involved Added To Litigation) Associated With A Claim -->   
  <test name="RMA_TC_345_VehicleAccClaim">
    <classes>
      <class name="rmaseleniumtestscripts.RMA_TC_345"/>
    </classes>
     </test>
 
  <!-- Creation, Edit And Deletion Of Enhanced Notes For An Driver (Person Involved Added To Litigation) Associated With A Claim -->   
  <test name="RMA_TC_346_VehicleAccClaim">
    <classes>
      <class name="rmaseleniumtestscripts.RMA_TC_346"/>
    </classes>
     </test>
     
     <!-- Creation, Edit And Deletion Of Enhanced Notes For An Injury (Person Involved) Associated With A Claim -->   
     <test name="RMA_TC_374_VehicleAccClaim_Li">
    <classes>
      <class name="rmaseleniumtestscripts.RMA_TC_374"/>
    </classes>
     </test>
    
     <!-- Creation, Edit And Deletion Of Enhanced Notes For A Demand Offer (Added To Injury) Associated With A Claim -->   
  <test name="RMA_TC_375_VehicleAccClaim_Li">
    <classes>
      <class name="rmaseleniumtestscripts.RMA_TC_375"/>
    </classes>
     </test>
  
   <!-- Creation, Edit And Deletion Of Enhanced Notes For Case Management System (Injury) Associated With A Claim -->   
  <test name="RMA_TC_376_VehicleAccClaim_Li">
    <classes>
      <class name="rmaseleniumtestscripts.RMA_TC_376"/>
    </classes>
     </test>
     
 <!-- Creation, Edit And Deletion Of Enhanced Notes For Case Manager (Case Management System) Associated With A Claim -->   
  <test name="RMA_TC_377_VehicleAccClaim_Li">
    <classes>
      <class name="rmaseleniumtestscripts.RMA_TC_377"/>
    </classes>
     </test>

  <!-- Creation, Edit And Deletion Of Enhanced Notes For Accommodation (Case Management System) Associated With A Claim -->   
  <test name="RMA_TC_378_VehicleAccClaim_Li">
    <classes>
      <class name="rmaseleniumtestscripts.RMA_TC_378"/>
    </classes>
     </test>
     
  <!-- Creation, Edit And Deletion Of Enhanced Notes For Vocational Rehab (Case Management System) Associated With A Claim -->   
  <test name="RMA_TC_379_VehicleAccClaim_Li">
    <classes>
      <class name="rmaseleniumtestscripts.RMA_TC_379"/>
    </classes>
     </test>
    
 <!-- Creation, Edit And Deletion Of Enhanced Notes For A Patient (Person Involved Added To Litigation) Associated With A Claim -->   
  <test name="RMA_TC_347_VehicleAccClaim">
    <classes>
      <class name="rmaseleniumtestscripts.RMA_TC_347"/>
    </classes>
     </test>
    
  <!-- Creation, Edit And Deletion Of Enhanced Notes For A Witness (Person Involved Added To Litigation) Associated With A Claim -->   
  <test name="RMA_TC_348_VehicleAccClaim">
    <classes>
      <class name="rmaseleniumtestscripts.RMA_TC_348"/>
    </classes>
     </test>
     
 <!-- Creation, Edit And Deletion Of Enhanced Notes For A Physician (Person Involved Added To Litigation) Associated With A Claim -->   
  <test name="RMA_TC_349_VehicleAccClaim">
    <classes>
      <class name="rmaseleniumtestscripts.RMA_TC_349"/>
    </classes>
     </test> 
     
    <!-- Creation, Edit And Deletion Of Enhanced Notes For A Medical Staff (Person Involved Added To Litigation) Associated With A Claim -->   
  <test name="RMA_TC_350_VehicleAccClaim">
    <classes>
      <class name="rmaseleniumtestscripts.RMA_TC_350"/>
    </classes>
     </test>  
     
 <!-- Creation, Edit And Deletion Of Enhanced Notes For A Other Person (Person Involved Added To Litigation) Associated With A Claim -->   
  <test name="RMA_TC_351_VehicleAccClaim">
    <classes>
      <class name="rmaseleniumtestscripts.RMA_TC_351"/>
    </classes>
     </test>  
     
   <!-- Creation, Edit And Deletion Of Enhanced Notes For An Employee (Person Involved) Associated With A Claim -->   
  <test name="RMA_TC_352_VehicleAccClaim">
    <classes>
      <class name="rmaseleniumtestscripts.RMA_TC_352"/>
    </classes>
     </test> 
     
  <!-- Creation, Edit And Deletion Of Enhanced Notes For Driver (Person Involved) Associated With A Claim -->   
  <test name="RMA_TC_353_VehicleAccClaim">
    <classes>
      <class name="rmaseleniumtestscripts.RMA_TC_353"/>
    </classes>
     </test> 
     
     <!-- Creation, Edit And Deletion Of Enhanced Notes For An Injury (Person Involved) Associated With A Claim -->   
     <test name="RMA_TC_374_VehicleAccClaim_PI">
    <classes>
      <class name="rmaseleniumtestscripts.RMA_TC_374"/>
    </classes>
     </test>
    
     <!-- Creation, Edit And Deletion Of Enhanced Notes For A Demand Offer (Added To Injury) Associated With A Claim -->   
  <test name="RMA_TC_375_VehicleAccClaim_PI">
    <classes>
      <class name="rmaseleniumtestscripts.RMA_TC_375"/>
    </classes>
     </test>
  
   <!-- Creation, Edit And Deletion Of Enhanced Notes For Case Management System (Injury) Associated With A Claim -->   
  <test name="RMA_TC_376_VehicleAccClaim_PI">
    <classes>
      <class name="rmaseleniumtestscripts.RMA_TC_376"/>
    </classes>
     </test>
     
 <!-- Creation, Edit And Deletion Of Enhanced Notes For Case Manager (Case Management System) Associated With A Claim -->   
  <test name="RMA_TC_377_VehicleAccClaim_PI">
    <classes>
      <class name="rmaseleniumtestscripts.RMA_TC_377"/>
    </classes>
     </test>

  <!-- Creation, Edit And Deletion Of Enhanced Notes For Accommodation (Case Management System) Associated With A Claim -->   
  <test name="RMA_TC_378_VehicleAccClaim_PI">
    <classes>
      <class name="rmaseleniumtestscripts.RMA_TC_378"/>
    </classes>
     </test>
     
  <!-- Creation, Edit And Deletion Of Enhanced Notes For Vocational Rehab (Case Management System) Associated With A Claim -->   
  <test name="RMA_TC_379_VehicleAccClaim_PI">
    <classes>
      <class name="rmaseleniumtestscripts.RMA_TC_379"/>
    </classes>
     </test>
     
  <!-- Creation, Edit And Deletion Of Enhanced Notes For Patient (Person Involved) Associated With A Claim -->   
  <test name="RMA_TC_354_VehicleAccClaim">
    <classes>
      <class name="rmaseleniumtestscripts.RMA_TC_354"/>
    </classes>
     </test>  
     
     <!-- Creation, Edit And Deletion Of Enhanced Notes For Physician (Person Involved) Associated With A Claim -->   
  <test name="RMA_TC_355_VehicleAccClaim">
    <classes>
      <class name="rmaseleniumtestscripts.RMA_TC_355"/>
    </classes>
     </test>    
     
   <!-- Creation, Edit And Deletion Of Enhanced Notes For Witness (Person Involved) Associated With A Claim -->   
  	<test name="RMA_TC_356_VehicleAccClaim">
    <classes>
      <class name="rmaseleniumtestscripts.RMA_TC_356"/>
    </classes>
     </test>  
     
     <!-- Creation, Edit And Deletion Of Enhanced Notes For Medical Staff (Person Involved) Associated With A Claim -->   
  	<test name="RMA_TC_357_VehicleAccClaim">
    <classes>
      <class name="rmaseleniumtestscripts.RMA_TC_357"/>
    </classes>
     </test>
     
     <!-- Creation, Edit And Deletion Of Enhanced Notes For Other Person (Person Involved) Associated With A Claim -->   
  	<test name="RMA_TC_358_VehicleAccClaim">
    <classes>
      <class name="rmaseleniumtestscripts.RMA_TC_358"/>
    </classes>
     </test>
     
      <!-- Creation, Edit And Deletion Of Enhanced Notes For Financial/Reserves Page Associated With A Claim -->   
  	<test name="RMA_TC_359_VehicleAccClaim">
    <classes>
      <class name="rmaseleniumtestscripts.RMA_TC_359"/>
    </classes>
     </test>
     
      <!-- Creation, Edit And Deletion Of Enhanced Notes For Payment Associated With A Claim -->   
  	<test name="RMA_TC_360_VehicleAccClaim">
    <classes>
      <class name="rmaseleniumtestscripts.RMA_TC_360"/>
    </classes>
     </test>
     
     <!-- Creation, Edit And Deletion Of Enhanced Notes For Collection Associated With A Claim -->   
  	<test name="RMA_TC_361_VehicleAccClaim">
    <classes>
      <class name="rmaseleniumtestscripts.RMA_TC_361"/>
    </classes>
     </test>
     
    <!-- Successful Creation, Edit And Deletion Of Enhanced Notes For Created Policy (Maintenance Policy Tracking Page) Is Validated -->   
  	<test name="RMA_TC_362">
    <classes>
      <class name="rmaseleniumtestscripts.RMA_TC_362"/>
    </classes>
     </test>
   
</suite>