
<suite name="RMA_Suite_13_SmokeSuite_03_GC" parallel="none" allow-return-values="true">

 <!--To Set The Row Of The Used DataSourceName-->
<parameter name="DataSourceRow" value="2" />

<!--To Set The Executed SuiteName-->
<parameter name="ExecutedSuiteName" value="RMA_Suite_13_SmokeSuite_03_GC " />

	<!--Verify That RMA Application Is Logged In -->
	<test name="RMA_TC_001">
		<classes>
			<class name="rmaseleniumtestscripts.RMA_TC_001" />
		</classes>
	</test>

	<!--Verify That Required DSN Is Selected In RMA Application -->
	<test name="RMA_TC_002">
		<classes>
			<class name="rmaseleniumtestscripts.RMA_TC_002" />
		</classes>
	</test>

	<!-- Successfully Policy Is Attached On General Claim Is Validated -->
	<test name="RMA_Smoke_TC_045_GC">
		<classes>
			<class name="rmaseleniumtestscripts.RMA_Smoke_TC_045_GC" />
		</classes>
	</test>

	<!--Successful Reserve Creation Is Validated On Carrier Claim -->
	<test name="RMA_Smoke_TC_046">
		<classes>
			<class name="rmaseleniumtestscripts.RMA_Smoke_TC_046" />
		</classes>
	</test>

	<!-- Successful Payment Creation Against An Already Created Reserve Is Validated -->
	<test name="RMA_Smoke_TC_047">
		<classes>
			<class name="rmaseleniumtestscripts.RMA_Smoke_TC_047" />
		</classes>
	</test>

	<!-- Successful Collection Addition On An Already Created Reserve Is Validated 
		On Carrier Claim -->
	<test name="RMA_Smoke_TC_048">
		<classes>
			<class name="rmaseleniumtestscripts.RMA_Smoke_TC_048" />
		</classes>
	</test>

	<!--Verify User Can Create Schedule Check Of 5 Split Successfully Through 
		Financial Reserve On Carrier Claim -->
	<test name="RMA_Smoke_TC_049">
		<classes>
			<class name="rmaseleniumtestscripts.RMA_Smoke_TC_049" />
		</classes>
	</test>

	<!--Successful First and Final Payment Creation Is Validated -->
	<test name="RMA_Smoke_TC_050">
		<classes>
			<class name="rmaseleniumtestscripts.RMA_Smoke_TC_050" />
		</classes>
	</test>

<!--Successfully Set All The Requirements For Internal Policy Tracking Under Carrier Claim Is Validated -->
	<test name="RMA_Smoke_TC_087_GC">
		<classes>
			<class name="rmaseleniumtestscripts.RMA_Smoke_TC_087_GC" />
		</classes>
	</test>
	
	<!-- Successfully Verify Created Policy Is Attached On General Claim And Addition Of Claimant For Carrier Client Is Validated -->
	<test name="RMA_Smoke_TC_088_GC">
		<classes>
			<class name="rmaseleniumtestscripts.RMA_Smoke_TC_088_GC" />
		</classes>
	</test>
	
	<!-- Successful Add And Edit Of Reserve On Created Policy Attached Carrier Claim Is Validated -->
	<test name="RMA_Smoke_TC_089">
		<classes>
			<class name="rmaseleniumtestscripts.RMA_Smoke_TC_089" />
		</classes>
	</test>
	
	<!-- Successful Payment And Copy Of Payment Transaction Against An Already Created Reserve For Created Policy Attached Carrier Claim Is Validated -->
	<test name="RMA_Smoke_TC_090">
		<classes>
			<class name="rmaseleniumtestscripts.RMA_Smoke_TC_090" />
		</classes>
	</test>
	
	<!-- Successful Collection Against An Already Created Reserve For Created Policy Attached Carrier Claim Is Validated -->
	<test name="RMA_Smoke_TC_091">
		<classes>
			<class name="rmaseleniumtestscripts.RMA_Smoke_TC_091" />
		</classes>
	</test>
	
	<!-- Successfully Reverted All The Setting Of Internal Policy Tracking For Carrier Claim Is Validated -->
	<test name="RMA_Smoke_TC_092_GC_C">
		<classes>
			<class name="rmaseleniumtestscripts.RMA_Smoke_TC_092_GC_C" />
		</classes>
	</test>
</suite>