
<suite name="RMA_SampleSuite" parallel="none" allow-return-values="true">
 <!--Verify That RMA Application Is Logged In-->
  <test name="RMA_TC_001">
    <classes>
      <class name="rmaseleniumtestscripts.RMA_TC_001"/>
    </classes>
  </test> 

   <!--Verify That Required DSN Is Selected In RMA Application-->
    <test name="RMA_TC_002">
    <classes>
      <class name="rmaseleniumtestscripts.RMA_TC_002"/>
    </classes>
     </test>
  
    <!-- Verify that Persons Involved Link/Option Is Present For Event-->
     <test name="RMA_TC_246">
   		 <classes>
     		 <class name="rmaseleniumtestscripts.RMA_TC_246"/>
   		 </classes>
     </test>

  <!--Verify Adding,Editing And Deleting Of An Existing Other Person As Person Involved on Event -->
      <test name="RMA_TC_250">
   		 <classes>
      		<class name="rmaseleniumtestscripts.RMA_TC_250"/>
   		 </classes>
     </test>
     
     <!--Verify Adding,Editing And Deleting Of An Existing Patient As Person Involved on Event -->
      <test name="RMA_TC_251">
   		 <classes>
      		<class name="rmaseleniumtestscripts.RMA_TC_251"/>
   		 </classes>
     </test>
     
     <!--Verify Adding,Editing And Deleting Of An Existing Physician As Person Involved on Event -->
      <test name="RMA_TC_252">
   		 <classes>
      		<class name="rmaseleniumtestscripts.RMA_TC_252"/>
   		 </classes>
     </test>
     
         <!--Verify Adding,Editing And Deleting Of New Driver As Person Involved on Event -->
      <test name="RMA_TC_256">
   		 <classes>
      		<class name="rmaseleniumtestscripts.RMA_TC_256"/>
   		 </classes>
     </test>
     
      <!--Verify Adding,Editing And Deleting Of New Other Person, As Person Involved on Event -->
      <test name="RMA_TC_257">
   		 <classes>
      		<class name="rmaseleniumtestscripts.RMA_TC_257"/>
   		 </classes>
     </test>
     
      <!--Verify Adding,Editing And Deleting Of New Patient As Person Involved on Event -->
      <test name="RMA_TC_258">
   		 <classes>
      		<class name="rmaseleniumtestscripts.RMA_TC_258"/>
   		 </classes>
     </test>
     
      <!--Verify Adding,Editing And Deleting Of New Physician As Person Involved on Event -->
      <test name="RMA_TC_259">
   		 <classes>
      		<class name="rmaseleniumtestscripts.RMA_TC_259"/>
   		 </classes>
     </test>
   
	<!-- 	<test name="RMA_Smoke_TC_053">
   		 <classes>
     		 <class name="rmaseleniumtestscripts.RMA_Smoke_TC_053"/>
   		 </classes>
     	 </test>
     	 <test name="RMA_Smoke_TC_056">
   		 <classes>
     		 <class name="rmaseleniumtestscripts.RMA_Smoke_TC_056"/>
   		 </classes>
     	 </test>
     	 <test name="RMA_Smoke_TC_063">
   		 <classes>
     		 <class name="rmaseleniumtestscripts.RMA_Smoke_TC_063"/>
   		 </classes>
     	 </test>
     	   <test name="RMA_Smoke_TC_064">
   		 <classes>
     		 <class name="rmaseleniumtestscripts.RMA_Smoke_TC_064"/>
   		 </classes>
     	 </test>
	  <test name="RMA_Smoke_TC_068">
   		 <classes>
     		 <class name="rmaseleniumtestscripts.RMA_Smoke_TC_068"/>
   		 </classes>
     	 </test>
     	   <test name="RMA_Smoke_TC_069">
   		 <classes>
     		 <class name="rmaseleniumtestscripts.RMA_Smoke_TC_069"/>
   		 </classes>
     	 </test>
     	   <test name="RMA_Smoke_TC_070">
   		 <classes>
     		 <class name="rmaseleniumtestscripts.RMA_Smoke_TC_070"/>
   		 </classes>
     	 </test>
       <test name="RMA_Smoke_TC_071">
   		 <classes>
     		 <class name="rmaseleniumtestscripts.RMA_Smoke_TC_071"/>
   		 </classes>
     	 </test>
     	   <test name="RMA_Smoke_TC_072">
   		 <classes>
     		 <class name="rmaseleniumtestscripts.RMA_Smoke_TC_072"/>
   		 </classes>
     	 </test>
     	   <test name="RMA_Smoke_TC_073">
   		 <classes>
     		 <class name="rmaseleniumtestscripts.RMA_Smoke_TC_073"/>
   		 </classes>
     	 </test>-->
	
    
</suite>