
<suite name="RMA_SampleSuite" parallel="none" allow-return-values="true">

<parameter name="DataSourceRow" value="1" />

	<test name="RMA_TC_001">
		<classes>
			<class name="rmaseleniumtestscripts.RMA_TC_001" />
		</classes>
	</test>
	<test name="RMA_TC_002">
		<classes>
			<class name="rmaseleniumtestscripts.RMA_TC_002" />
		</classes>
	</test>
	
	 <test name="RMA_Smoke_TC_002_WC">
    <classes>
      <class name="rmaseleniumtestscripts.RMA_Smoke_TC_002_WC"/>
    </classes>
       </test>
       
       <test name="RMA_Smoke_TC_093">
    <classes>
      <class name="rmaseleniumtestscripts.RMA_Smoke_TC_093"/>
    </classes>
       </test>	
       
   	<!--Send Mail Functionality For A Collection Is Validated-->
    <test name="RMA_Smoke_TC_094">
    <classes>
      <class name="rmaseleniumtestscripts.RMA_Smoke_TC_094"/>
    </classes>
       </test>	
       
       <test name="RMA_Smoke_TC_095">
    <classes>
      <class name="rmaseleniumtestscripts.RMA_Smoke_TC_095"/>
    </classes>
       </test>	
</suite>