
<suite name="RMA_SampleSuite" parallel="none" allow-return-values="true">

<!--To Set The Row Of The Used DataSourceName-->
<parameter name="DataSourceRow" value="2" />

	<test name="RMA_TC_001">
		<classes>
			<class name="rmaseleniumtestscripts.RMA_TC_001" />
		</classes>
	</test>
	<test name="RMA_TC_002">
		<classes>
			<class name="rmaseleniumtestscripts.RMA_TC_002" />
		</classes>
	</test>
      
 
	<test name="RMA_Smoke_TC_055_WC">
		<classes>
			<class name="rmaseleniumtestscripts.RMA_Smoke_TC_055_WC" />
		</classes>
	</test>

	

</suite>
